{"cameraMode":{"drawMode":0,"name":"Shaded","section":"Shading Mode"},"sceneLighting":true,"audioPlay":false,"sceneViewState":{"m_AlwaysRefresh":false,"showFog":true,"showSkybox":true,"showFlares":true,"showImageEffects":true,"showParticleSystems":true,"showVisualEffectGraphs":true,"m_FxEnabled":true},"in2DMode":false,"pivot":{"x":1.2740263938903809,"y":4.036057472229004,"z":-3.030470371246338},"rotation":{"x":0.32257574796676638,"y":-0.26049381494522097,"z":0.09282945096492768,"w":0.9052563309669495},"size":3.866309404373169,"orthographic":false}