{"cameraMode":{"drawMode":0,"name":"Shaded","section":"Shading Mode"},"sceneLighting":true,"audioPlay":false,"sceneViewState":{"m_AlwaysRefresh":false,"showFog":true,"showSkybox":true,"showFlares":true,"showImageEffects":false,"showParticleSystems":true,"showVisualEffectGraphs":true,"m_FxEnabled":true},"in2DMode":false,"pivot":{"x":-4.365771293640137,"y":0.6873302459716797,"z":-3.1000003814697267},"rotation":{"x":0.5666583776473999,"y":-0.033104803413152698,"z":0.022794216871261598,"w":0.822973906993866},"size":1.7538743019104005,"orthographic":true}