{"cameraMode":{"drawMode":0,"name":"Shaded","section":"Shading Mode"},"sceneLighting":true,"audioPlay":false,"sceneViewState":{"m_AlwaysRefresh":false,"showFog":true,"showSkybox":true,"showFlares":true,"showImageEffects":false,"showParticleSystems":true,"showVisualEffectGraphs":true,"m_FxEnabled":true},"in2DMode":false,"pivot":{"x":21.353361129760743,"y":1.9215073585510255,"z":2.8561809062957765},"rotation":{"x":0.2644159197807312,"y":-0.07801257818937302,"z":0.02146424539387226,"w":0.9610105752944946},"size":8.156781196594239,"orthographic":true}