{"cameraMode":{"drawMode":0,"name":"Shaded","section":"Shading Mode"},"sceneLighting":true,"audioPlay":false,"sceneViewState":{"m_AlwaysRefresh":false,"showFog":true,"showSkybox":true,"showFlares":true,"showImageEffects":false,"showParticleSystems":true,"showVisualEffectGraphs":true,"m_FxEnabled":true},"in2DMode":false,"pivot":{"x":6.158295631408691,"y":-1.0737180709838868,"z":-3.1178083419799806},"rotation":{"x":0.6967873573303223,"y":0.009894279763102532,"z":-0.0096134589985013,"w":0.7171472907066345},"size":15.135978698730469,"orthographic":true}