{"cameraMode":{"drawMode":0,"name":"Shaded","section":"Shading Mode"},"sceneLighting":true,"audioPlay":false,"sceneViewState":{"m_AlwaysRefresh":false,"showFog":true,"showSkybox":true,"showFlares":true,"showImageEffects":false,"showParticleSystems":true,"showVisualEffectGraphs":true,"m_FxEnabled":true},"in2DMode":false,"pivot":{"x":6.21469259262085,"y":1.4025602340698243,"z":3.2840356826782228},"rotation":{"x":0.5666583776473999,"y":-0.033104803413152698,"z":0.022794216871261598,"w":0.822973906993866},"size":9.285350799560547,"orthographic":true}