{"cameraMode":{"drawMode":0,"name":"Shaded","section":"Shading Mode"},"sceneLighting":true,"audioPlay":false,"sceneViewState":{"m_AlwaysRefresh":false,"showFog":true,"showSkybox":true,"showFlares":true,"showImageEffects":false,"showParticleSystems":true,"showVisualEffectGraphs":true,"m_FxEnabled":true},"in2DMode":false,"pivot":{"x":-14.115771293640137,"y":0.6873302459716797,"z":-2.980232238769531e-7},"rotation":{"x":0.23330050706863404,"y":-0.015458223409950734,"z":0.0037098086904734375,"w":0.9722784161567688},"size":1.75387442111969,"orthographic":true}