{"cameraMode":{"drawMode":0,"name":"Shaded","section":"Shading Mode"},"sceneLighting":true,"audioPlay":false,"sceneViewState":{"m_AlwaysRefresh":false,"showFog":true,"showSkybox":true,"showFlares":true,"showImageEffects":false,"showParticleSystems":true,"showVisualEffectGraphs":true,"m_FxEnabled":true},"in2DMode":false,"pivot":{"x":-0.359868586063385,"y":-54.62958526611328,"z":55.34825897216797},"rotation":{"x":0.4066794514656067,"y":-0.0024522249586880209,"z":0.0011025656713172794,"w":0.9135864973068237},"size":58.25242233276367,"orthographic":false}