{"cameraMode":{"drawMode":0,"name":"Shaded","section":"Shading Mode"},"sceneLighting":false,"audioPlay":false,"sceneViewState":{"m_AlwaysRefresh":false,"showFog":true,"showSkybox":false,"showFlares":true,"showImageEffects":false,"showParticleSystems":true,"showVisualEffectGraphs":true,"m_FxEnabled":true},"in2DMode":false,"pivot":{"x":-0.31459999084472659,"y":2.546299934387207,"z":10.3206205368042},"rotation":{"x":-0.412148118019104,"y":-0.0035562487319111826,"z":0.0016098064370453358,"w":-0.9111191034317017},"size":2.164133310317993,"orthographic":false}