{"cameraMode":{"drawMode":0,"name":"Shaded","section":"Shading Mode"},"sceneLighting":true,"audioPlay":false,"sceneViewState":{"m_AlwaysRefresh":false,"showFog":true,"showSkybox":true,"showFlares":true,"showImageEffects":true,"showParticleSystems":true,"showVisualEffectGraphs":true,"m_FxEnabled":true},"in2DMode":false,"pivot":{"x":3.3124923706054689,"y":7.220848083496094,"z":56.27409362792969},"rotation":{"x":0.1535370796918869,"y":0.06664597243070603,"z":-0.010387575253844262,"w":0.9858554005622864},"size":82.02262878417969,"orthographic":false}